Datetime;Feed flow;Reflux flow;Reflux temperature;Hot oil return temperature;Reboiler temperature;Column bottom temperature;Hot oil supply temperature;Hot oil flow
;1;2;3;4;5;6;7;8
;KG/H;KG/H;C;C;C;C;C;kg/hr
1-10-2017 0:00;991.5162781;2151.549228;125.1451937;174.3019023;206.718967;196.4540913;220.4697381;8661.719178
1-10-2017 1:00;991.0655202;2152.096495;125.0406874;174.3007013;206.71437;196.4300582;220.4458901;8692.562294
1-10-2017 2:00;999.8267708;2152.643763;125.0608131;174.2995054;206.7036273;196.418987;220.4475987;8928.504304
1-10-2017 3:00;987.517547;2153.191031;125.0258612;174.2983095;206.6928847;196.5207178;220.5720789;8901.445279
1-10-2017 4:00;988.1218311;2153.738299;124.9424144;174.2971136;206.682142;196.4891895;220.5485221;8904.875011
1-10-2017 5:00;988.8811651;2159.027338;124.865521;174.2959177;206.6713993;196.443411;220.6034328;8951.076342
1-10-2017 6:00;989.6404991;2171.710967;124.8151288;174.2947218;206.6606566;196.544428;220.5619037;8924.272173
1-10-2017 7:00;990.399833;2184.029387;124.8270062;174.2935258;206.6499139;196.4617548;220.5551511;8897.468004
1-10-2017 8:00;991.159167;2171.874794;124.8858058;174.2924078;206.6401503;196.4890653;220.4924628;8870.663834
1-10-2017 9:00;990.7927963;2153.01694;125.0213076;174.3024764;206.6396487;196.563412;220.4919876;8843.859665
1-10-2017 10:00;986.9056109;2156.984916;124.9961564;174.320505;206.6414386;196.5047569;220.4583081;8818.495234
1-10-2017 11:00;982.764;2160.952892;124.9366037;174.3385335;206.6432285;196.43066;220.4675819;8796.918925
1-10-2017 12:00;1015.979465;2146.056836;125.00175;174.356562;206.6450184;196.5142751;220.4327349;8775.542923
1-10-2017 13:00;1001.576678;2144.82073;124.9958877;174.3745906;206.6468083;196.5532372;220.4379224;8754.166921
1-10-2017 14:00;991.2907369;2144.653006;124.9157212;174.3926191;206.6485982;196.4476326;220.4199543;8732.790918
1-10-2017 15:00;1007.448872;2144.485283;124.9513321;174.4106476;206.6503881;196.4380994;220.3488904;8711.414916
1-10-2017 16:00;1001.867411;2149.815596;124.8812659;174.4286235;206.6537704;196.4837558;220.4143011;8690.038914
1-10-2017 17:00;996.6417786;2148.042248;124.8492998;174.443815;206.6719595;196.4838954;220.4529267;8668.662912
1-10-2017 18:00;1000.917403;2142.154602;124.8802399;174.4574281;206.6937646;196.4803281;220.4705129;8652.73561
1-10-2017 19:00;1004.88196;2144.108803;124.9075043;174.4710413;206.7155698;196.5041958;220.4689704;8648.94033
1-10-2017 20:00;1005.293345;2146.063003;125.0222075;174.4846544;206.737375;196.5450534;220.4582255;8645.591273
1-10-2017 21:00;1008.797867;2149.85509;125.1535395;174.4483756;206.7458982;196.4758883;220.4966975;8641.826736
1-10-2017 22:00;1009.307131;2147.272489;125.2921672;174.5136034;206.780889;196.4372634;220.4974526;8647.994661
1-10-2017 23:00;1025.472027;2140.328485;125.3606014;174.4770259;206.8189737;196.4397955;220.5403509;8649.255154
2-10-2017 0:00;1140.044695;2150.246229;125.4839915;174.4610129;206.8935658;196.4683193;220.9134809;8687.744984
2-10-2017 1:00;1145.986557;2154.558697;125.773436;174.4970029;206.951993;196.4026759;221.110718;9257.188396
2-10-2017 2:00;1143.527313;2156.372688;125.8346564;174.5244965;206.9826983;196.5344613;221.3050667;9360.809056
2-10-2017 3:00;1140.829391;2158.18668;125.6634106;174.55199;207.0134036;196.5619964;221.2941536;9084.205796
2-10-2017 4:00;1138.121054;2160.000671;125.5976005;174.5794836;207.0441089;196.5756084;221.2266348;9087.652922
2-10-2017 5:00;1137.175015;2168.866869;125.5216576;174.6069771;207.0748142;196.5817909;221.1686231;9091.342608
2-10-2017 6:00;1139.578605;2166.157439;125.5563399;174.6344707;207.1055195;196.5354748;221.194429;9208.816329
2-10-2017 7:00;1142.062717;2186.789753;125.5934087;174.6619642;207.1362248;196.4500419;221.4408735;9892.109196
2-10-2017 8:00;1144.546829;2194.479688;125.7518645;174.6886271;207.1568776;196.4147142;221.4164749;9840.25606
2-10-2017 9:00;1146.494914;2198.450423;126.1761777;174.7073268;207.1135911;196.4210248;221.4612138;9630.121184
2-10-2017 10:00;1138.726486;2199.929759;126.482935;174.7240366;207.0590204;196.4511499;221.5133298;9849.02753
2-10-2017 11:00;1141.764401;2201.409095;126.6385727;174.7407464;207.0044496;196.5064834;221.5888971;9306.179381
2-10-2017 12:00;1136.530816;2202.888432;126.6694451;174.7574561;206.9498788;196.445074;221.6236926;9095.668105
2-10-2017 13:00;1131.225448;2210.109667;126.6980337;174.7741659;206.895308;196.384393;221.5373693;9076.737993
2-10-2017 14:00;1125.873642;2228.531151;126.4949432;174.7908757;206.8407373;196.0111897;220.8716883;9077.061928
2-10-2017 15:00;1125.754684;2238.174551;126.6576319;174.8075854;206.7861665;196.0902097;221.1361082;9077.385863
2-10-2017 16:00;1125.666464;2247.817951;126.7614403;174.8230458;206.7414208;196.0704131;221.1743686;9077.709798
2-10-2017 17:00;1125.578244;2257.461352;126.5550082;174.8270247;206.734167;195.9832411;221.2508458;9078.033734
2-10-2017 18:00;1125.490023;2267.104752;126.2513075;174.8282248;206.730578;195.9981204;221.2895136;9078.357669
2-10-2017 19:00;1125.401803;2276.748152;126.0781929;174.8294249;206.7269891;196.0256062;221.3461702;9078.681604
2-10-2017 20:00;1125.313583;2280.408962;126.001069;174.830625;206.7234001;196.053092;221.4004839;9079.087591
2-10-2017 21:00;1125.225363;2276.788413;125.9944817;174.8318251;206.7198111;196.0706584;221.28935;9079.818361
2-10-2017 22:00;1125.900252;2273.150705;125.9651997;174.8330252;206.7162221;196.0585053;221.1905999;9080.582514
2-10-2017 23:00;1127.614688;2269.512997;125.9846807;174.8342253;206.7126331;196.0443551;221.324103;9081.346667
3-10-2017 0:00;1129.335113;2265.875289;125.9413589;174.8344356;206.7101785;196.053332;221.3948402;9082.11082
3-10-2017 1:00;1131.055539;2262.237581;126.1081137;174.8274856;206.7116417;196.0801691;221.3792996;9082.874972
3-10-2017 2:00;1132.775965;2258.599873;126.6980994;174.8191122;206.7134362;196.0108819;221.3485587;9083.639125
3-10-2017 3:00;1134.496391;2254.962165;127.1961013;174.8107389;206.7152307;196.0126242;221.3458549;9084.403278
3-10-2017 4:00;1136.216817;2252.980489;127.3579686;174.8023656;206.7170252;196.0242939;221.321521;9090.036196
3-10-2017 5:00;1137.937243;2253.008069;127.355272;174.7939923;206.7188197;196.0353677;221.2770609;9107.683278
3-10-2017 6:00;1123.025672;2253.040237;127.4318403;174.785619;206.7206142;196.0408039;221.3235136;9125.887542
3-10-2017 7:00;1119.339248;2253.072405;127.4084811;174.7772457;206.7224087;196.0447248;221.3872511;9144.091806
3-10-2017 8:00;1119.78038;2253.104572;127.1723363;174.7705375;206.7279282;195.9440396;221.1735708;9224.589127
3-10-2017 9:00;1120.221511;2253.13674;126.8428555;174.7746517;206.7452777;196.0500125;221.4728623;10362.77363
3-10-2017 10:00;1120.662643;2253.168908;126.525779;174.7807158;206.5238025;195.9794595;221.3474644;10091.23373
3-10-2017 11:00;1121.103775;2253.201076;126.4372288;174.7867799;206.7086948;196.007635;221.3024625;11133.3815
3-10-2017 12:00;1121.544906;2256.765784;126.4602081;174.792844;206.6859884;196.0152247;221.3033438;11421.85722
3-10-2017 13:00;1121.986038;2264.607591;126.4805358;174.798908;206.6717566;196.0705785;221.4287317;10516.32125
3-10-2017 14:00;1122.126926;2272.458956;126.3632209;174.8049721;206.7496377;195.9542138;221.2941495;9351.693512
3-10-2017 15:00;1121.312418;2264.769653;126.4690335;174.8110362;206.7441694;195.9227995;221.3320978;9226.334751
3-10-2017 16:00;1120.426884;2246.653926;126.6846994;174.8168606;206.7387011;195.9372134;221.3568158;9235.196515
3-10-2017 17:00;1119.54135;2250.798052;127.1269819;174.8217495;206.7332328;196.009121;221.4276728;9188.925227
3-10-2017 18:00;1118.655816;2254.942179;127.3247098;174.826544;206.7277645;196.0485184;221.2871879;9288.526478
3-10-2017 19:00;1117.770282;2257.538139;127.4142298;174.8313385;206.7222963;195.9412325;221.1910935;9260.112963
3-10-2017 20:00;1116.90742;2255.212463;127.4382954;174.836133;206.716828;195.9524694;221.1799477;9181.449652
3-10-2017 21:00;1118.849288;2252.521475;127.4586271;174.8409275;206.711602;195.9370599;221.1665074;9125.155209
3-10-2017 22:00;1122.733753;2249.830488;127.3946546;174.845722;206.7166302;195.9196831;221.245401;9133.120873
3-10-2017 23:00;1126.618218;2247.1395;127.3959601;174.8505165;206.7270844;195.9307738;221.3344265;9141.086536
4-10-2017 0:00;1117.917511;2244.448513;127.3355506;174.8461071;206.7375385;195.9301016;221.2728762;9149.0522
4-10-2017 1:00;1124.858225;2241.757525;127.0467867;174.8067042;206.749756;195.9657678;221.3509107;9162.820098
4-10-2017 2:00;1123.239413;2246.024654;126.7917858;174.7891829;206.7935657;196.0372651;221.2768668;9131.195532
4-10-2017 3:00;1123.492424;2246.620581;126.6238078;174.798349;206.7875203;196.084965;221.4094779;9134.511316
4-10-2017 4:00;1123.911004;2247.039067;126.5418893;174.8055647;206.7821256;196.0725687;221.4343706;9245.595383
4-10-2017 5:00;1124.329585;2247.457553;126.5473299;174.8127804;206.7767308;196.0521186;221.3711298;9323.235735
4-10-2017 6:00;1124.748166;2247.876039;126.4975266;174.8199961;206.7713361;196.0627212;221.3829402;9353.465678
4-10-2017 7:00;1125.081721;2248.294525;126.5103821;174.8272118;206.7659414;196.0379455;221.3792164;9655.292281
4-10-2017 8:00;1124.867665;2248.713011;126.7853926;174.8344274;206.7605466;196.0010742;221.3367229;9897.864485
4-10-2017 9:00;1124.5558;2249.131497;127.1844902;174.8416324;206.755152;196.0251877;221.3804333;9825.975155
4-10-2017 10:00;1124.243936;2247.623681;127.3471913;174.8380187;206.7515919;196.0581348;221.3459751;9839.033424
4-10-2017 11:00;1123.932071;2243.891141;127.4175091;174.8248773;206.7498026;196.0875322;221.3315078;9852.091694
4-10-2017 12:00;1123.258954;2241.663847;127.426824;174.8117359;206.7480133;196.0831173;221.3953553;9865.149963
4-10-2017 13:00;1122.157494;2239.918288;127.4460073;174.7985945;206.7462241;196.0449531;221.3723131;9878.208232
4-10-2017 14:00;1121.055272;2235.206767;127.4569197;174.7854531;206.7444348;196.0371857;221.4007376;9891.266502
4-10-2017 15:00;1119.95305;2230.495246;127.3016633;174.7723117;206.7426455;196.0371857;221.2736026;9904.324771
4-10-2017 16:00;1118.850828;2225.783725;127.0064873;174.7591703;206.7408562;195.9813873;221.1891998;10011.42739
4-10-2017 17:00;1117.748606;2244.959331;126.731267;174.7460529;206.7390672;195.9801135;221.2633665;9710.996995
4-10-2017 18:00;1116.646384;2252.528326;126.562945;174.744036;206.7400188;196.0128006;221.2206633;9950.516736
4-10-2017 19:00;1116.847587;2247.216616;126.5034391;174.7512159;206.7436071;196.0454877;221.1238338;9937.459183
4-10-2017 20:00;1121.639139;2241.904905;126.4969803;174.7583958;206.7471955;196.07267;221.1629844;9950.53009
4-10-2017 21:00;1121.001314;2236.593194;126.4916262;174.7655757;206.7507839;196.0562786;221.320228;9949.952098
4-10-2017 22:00;1119.2576;2231.281484;126.4666772;174.7727556;206.7543722;196.0562744;221.2884801;9946.272584
4-10-2017 23:00;1117.513885;2225.969773;126.4716521;174.7799355;206.7579606;196.0588799;221.2609702;9960.866729
5-10-2017 0:00;1115.770171;2220.658063;126.7914318;174.7871154;206.761549;196.0685377;221.2226277;9913.177779
5-10-2017 1:00;1114.414188;2216.539171;127.1809321;174.7942551;206.7651309;196.0090657;221.2091906;10001.62881
5-10-2017 2:00;1118.625038;2216.544052;127.3249453;174.793638;206.7636394;195.9623282;221.2076195;10061.09429
5-10-2017 3:00;1123.967615;2216.898172;127.3858389;174.787234;206.7577502;195.9314955;221.0215706;9939.181608
5-10-2017 4:00;1124.694245;2217.252292;127.3906467;174.7808301;206.751861;195.9983452;221.0662279;9840.148281
5-10-2017 5:00;1124.563734;2217.606412;127.4530274;174.7744261;206.7459718;196.0424299;221.0843785;9836.805472
5-10-2017 6:00;1124.433223;2217.960532;127.3788851;174.7680221;206.7400826;196.0521664;221.0187508;9842.841925
5-10-2017 7:00;1124.302712;2218.314652;127.2875294;174.7616181;206.7341934;196.0616818;220.9899956;9848.878377
5-10-2017 8:00;1124.147059;2218.668772;126.9565623;174.7552141;206.7283042;196.0513087;220.9850695;9854.914829
5-10-2017 9:00;1124.54049;2222.257021;126.6820984;174.7530563;206.7330967;196.0213405;221.0591356;9864.010705
5-10-2017 10:00;1126.374775;2229.924798;126.3560015;174.7384071;206.7387838;196.0370624;221.1003969;9906.469672
5-10-2017 11:00;1125.867444;2237.003064;126.3181195;174.7264708;206.7241765;196.0713179;221.1899839;9995.697419
5-10-2017 12:00;1125.360113;2244.08133;126.3816454;174.7145345;206.7095692;196.0726621;221.3584812;9932.090483
5-10-2017 13:00;1124.852781;2251.159595;126.4638038;174.7025983;206.6949619;196.0093167;221.3088943;9545.946818
5-10-2017 14:00;1124.34545;2258.237861;126.5042721;174.690662;206.6803546;195.999639;221.2709249;9861.125076
5-10-2017 15:00;1123.838119;2248.849331;126.9585889;174.6787258;206.6657474;196.0238343;221.2853975;9786.51053
5-10-2017 16:00;1123.330787;2247.623407;127.2993772;174.6667895;206.6511401;195.98453;221.172981;9405.605272
5-10-2017 17:00;1122.864761;2257.890512;127.3964234;174.6560663;206.6414856;196.0274799;221.1082145;9263.351698
5-10-2017 18:00;1122.561418;2221.292894;127.470046;174.6542664;206.6519296;196.0489592;221.0566443;9249.527435
5-10-2017 19:00;1122.274686;2233.669597;127.4839148;174.6542664;206.6645096;196.0586738;221.1870335;9296.349075
5-10-2017 20:00;1121.987953;2226.855265;127.4584492;174.6542664;206.6770896;196.0683885;221.3069313;9274.554001
5-10-2017 21:00;1121.701221;2225.352469;127.4354196;174.6542664;206.6896695;196.0693001;221.262985;9252.758927
5-10-2017 22:00;1121.414488;2225.313387;127.4250879;174.6542664;206.7022495;196.051921;221.2377776;9230.963853
5-10-2017 23:00;1121.127756;2225.274306;127.1341319;174.6542664;206.7148294;196.0507999;221.0962811;9209.168779
6-10-2017 0:00;1120.841023;2225.235225;126.8404765;174.6542664;206.7274094;196.0560706;221.2483577;9187.373706
6-10-2017 1:00;1121.07008;2225.196143;126.6354052;174.6607298;206.7348942;196.0613413;221.1856546;9165.578632
6-10-2017 2:00;1122.457788;2225.583463;126.5611687;174.701803;206.7221621;196.0425873;221.1526509;9144.260511
6-10-2017 3:00;1117.985095;2224.472708;126.5097045;174.6964698;206.7107642;195.9980035;221.1444855;9220.60741
6-10-2017 4:00;1118.798553;2221.438126;126.4844415;174.6879548;206.7125891;195.984372;221.1444855;9398.783252
6-10-2017 5:00;1116.976107;2218.403543;126.469065;174.6794399;206.7144141;195.9707405;221.1444855;9407.169729
6-10-2017 6:00;1116.595186;2219.032442;126.7923381;174.6709249;206.716239;195.9880471;221.1601332;9287.456523
6-10-2017 7:00;1116.358027;2226.954151;127.1298276;174.66241;206.718064;196.0206456;221.1788733;9572.617712
6-10-2017 8:00;1117.082181;2234.789836;127.2757157;174.653895;206.719889;196.0142497;221.1878135;9479.954626
6-10-2017 9:00;1120.32137;2242.625521;127.3161498;174.6453801;206.7217139;196.0548899;221.2378211;9517.336354
6-10-2017 10:00;1123.692066;2250.461206;127.3833187;174.6374913;206.7239914;196.081983;221.1549811;9501.905284
6-10-2017 11:00;1127.062761;2258.296891;127.3086671;174.6392691;206.7331381;196.0772764;221.1094416;9488.406332
6-10-2017 12:00;1130.433456;2266.132576;127.3662964;174.6443414;206.744604;196.0712473;221.1158034;9480.854944
6-10-2017 13:00;1133.804151;2234.059296;127.2535537;174.6494138;206.7560698;196.0242035;221.2361756;9382.588598
6-10-2017 14:00;1128.879054;2229.056177;126.8944804;174.6636094;206.7546649;195.9748836;221.2075828;9381.369631
6-10-2017 15:00;1116.661546;2240.058461;126.54314;174.6839485;206.7667999;195.9704285;221.3058086;9269.025206
6-10-2017 16:00;1115.547253;2248.129217;126.3968576;174.6986942;206.7667999;195.9704285;221.2969082;9275.618734
6-10-2017 17:00;1115.411527;2255.60467;126.3169621;174.7134398;206.7667999;195.9704285;221.2644566;9358.798958
6-10-2017 18:00;1112.478687;2260.469655;126.3147231;174.7281855;206.7667999;195.9704285;221.232005;9330.838675
6-10-2017 19:00;1109.209025;2240.393831;126.2998616;174.7429311;206.7667999;195.9704285;221.1995533;9294.437768
6-10-2017 20:00;1115.375219;2234.254058;126.2677213;174.7576768;206.7667999;195.9704285;221.1671017;9250.418717
6-10-2017 21:00;1122.731218;2225.602124;126.2862589;174.7685284;206.7656963;195.9704449;221.1338343;9199.168486
6-10-2017 22:00;1125.672868;2218.478474;126.5959812;174.8283539;206.8541175;195.9991301;221.2002183;9289.197129
6-10-2017 23:00;1124.939465;2219.508611;127.0371866;174.8255677;206.844741;196.0051804;221.2532216;9276.96406
7-10-2017 0:00;1124.206062;2220.538747;127.268393;174.8112143;206.8283555;196.0101736;221.2846747;9255.997352
7-10-2017 1:00;1123.472659;2221.568884;127.3695465;174.7968609;206.81197;196.0151669;221.2940465;9235.030644
7-10-2017 2:00;1122.739256;2222.59902;127.3599418;174.7825075;206.7955845;196.0201601;221.3007093;9214.063936
7-10-2017 3:00;1122.005854;2223.629157;127.4221526;174.7681542;206.779199;196.0251533;221.3164765;9193.097227
7-10-2017 4:00;1121.272451;2224.659294;127.4031424;174.7538008;206.7628135;196.0301466;221.2892357;9172.130519
7-10-2017 5:00;1124.03372;2225.689006;127.3696645;174.7394474;206.746428;196.0351195;221.1596201;9193.889949
7-10-2017 6:00;1133.874152;2225.922218;127.0719146;174.7182076;206.7381898;196.0371857;221.1906995;9246.74848
7-10-2017 7:00;1140.461558;2225.429568;126.6306289;174.6862287;206.7381897;196.0371857;221.2742812;9308.300155
7-10-2017 8:00;1132.294083;2225.964117;126.4385687;174.6880285;206.7428016;196.0369181;221.2449158;9349.3479
7-10-2017 9:00;1128.428149;2232.210326;126.3481654;174.7088536;206.7525024;196.0371857;221.1930331;9235.140122
7-10-2017 10:00;1125.780946;2239.168759;126.2681358;174.7052615;206.7525024;196.0425858;221.1657939;9188.753678
7-10-2017 11:00;1123.133743;2246.451207;126.1756538;174.7016694;206.7525024;196.0546271;221.1360035;9416.570342
7-10-2017 12:00;1120.48654;2256.19888;126.2613727;174.6980772;206.7525024;196.0666858;221.120217;9505.252084
7-10-2017 13:00;1117.839337;2266.270404;126.7317947;174.6944851;206.7525024;196.0750605;221.2176051;9357.092596
7-10-2017 14:00;1115.192134;2234.539573;127.0424666;174.690893;206.7525024;196.0753479;221.2196087;9153.221588
7-10-2017 15:00;1116.434219;2221.222435;127.2207353;174.6873009;206.7525024;196.0753479;221.0798227;9157.183394
7-10-2017 16:00;1123.9236;2230.312017;127.2417415;174.6835491;206.7525024;196.0636912;221.090956;9312.150517
7-10-2017 17:00;1121.868189;2234.052766;127.2642031;174.676709;206.7525024;196.0056633;221.0957808;9263.425701
7-10-2017 18:00;1123.012285;2228.548828;127.2610226;174.6686818;206.7523438;195.9249352;221.113325;9173.138374
7-10-2017 19:00;1132.583996;2221.860044;127.2804543;174.682895;206.7345357;195.9757602;221.2173503;9168.178156
7-10-2017 20:00;1129.807395;2231.655895;127.2459651;174.68061;206.7517779;196.0490817;221.2337726;9280.438636
7-10-2017 21:00;1125.344082;2251.129966;126.7680285;174.6787256;206.7750159;196.0725287;221.2948309;9308.38843
7-10-2017 22:00;1120.880769;2241.083692;126.2942221;174.6768412;206.798254;196.0338812;221.3362729;9283.221712
7-10-2017 23:00;1119.827573;2215.882036;125.9831915;174.6749568;206.821492;196.0338966;221.1967709;9388.935827
8-10-2017 0:00;1127.482028;2224.559417;125.9741804;174.7162944;206.7629524;195.9502252;221.2796043;9426.382914
8-10-2017 1:00;1129.870665;2228.365048;125.9317277;174.7586719;206.7381897;195.9074738;221.3854848;9293.631682
8-10-2017 2:00;1129.488929;2229.41411;125.9523953;174.7683469;206.7381897;195.9285313;221.4191039;9244.576408
8-10-2017 3:00;1129.107192;2230.463172;125.9523466;174.7780219;206.7381897;196.0095822;221.3850963;9489.160449
8-10-2017 4:00;1128.725456;2231.512234;125.7662454;174.7876969;206.7381897;196.0155578;221.277648;9453.92567
8-10-2017 5:00;1126.516602;2232.561296;125.6171529;174.7973719;206.7381897;195.975368;221.1566221;9405.938128
8-10-2017 6:00;1121.23954;2229.315255;125.4694953;174.794576;206.7524393;196.0030152;221.2272914;9159.345009
8-10-2017 7:00;1130.014627;2223.419802;125.4422616;174.7963471;206.7553205;196.0709293;221.3281092;9221.93281
8-10-2017 8:00;1135.639273;2221.877179;125.4388111;174.7829759;206.7589015;196.0156541;221.3454775;9326.987781
8-10-2017 9:00;1141.263918;2220.334555;125.4630017;174.7696047;206.7624825;195.9933589;221.3134368;9297.878304
8-10-2017 10:00;1146.888563;2220.238893;125.4529933;174.7562335;206.7660635;195.9734617;221.2494308;9267.329584
8-10-2017 11:00;1135.558312;2231.876608;125.470733;174.7428623;206.7696445;195.9602498;221.3377408;9236.780864
8-10-2017 12:00;1115.802779;2245.242765;125.4487491;174.7294911;206.7732255;195.9557032;221.315438;9206.232144
8-10-2017 13:00;1112.442756;2257.490741;125.4003978;174.7161198;206.7768065;195.9695672;221.4098398;9175.683425
8-10-2017 14:00;1127.558158;2247.988268;125.3661508;174.7038362;206.7797811;195.9844176;221.3969654;9145.134705
8-10-2017 15:00;1117.467182;2230.101251;125.4057634;174.6999287;206.7730404;195.9992679;221.3832517;9125.26431
8-10-2017 16:00;1117.900074;2218.021009;125.4661704;174.6977789;206.7629183;196.0141182;221.369538;9116.419819
8-10-2017 17:00;1118.332965;2217.741715;125.4488497;174.6956291;206.7527963;196.0289685;221.3599271;9107.576032
8-10-2017 18:00;1118.765856;2222.560207;125.4497519;174.6934875;206.7426907;196.0007872;221.3639048;9098.745007
8-10-2017 19:00;1125.065292;2221.933644;125.484253;174.714027;206.7522064;195.9878793;221.3768604;9106.351211
8-10-2017 20:00;1125.252566;2221.275893;125.9043349;174.7114868;206.8239385;195.9525161;221.3287355;9356.629146
8-10-2017 21:00;1124.507259;2220.864885;126.2976629;174.7107326;206.8701186;195.958294;221.3918415;9306.501656
8-10-2017 22:00;1123.734659;2221.687349;126.6760734;174.7358416;206.7336691;196.0203413;221.3857134;9499.867458
8-10-2017 23:00;1123.381733;2221.043514;126.8017778;174.7457803;206.7392488;196.0554225;221.3728153;9475.788059
9-10-2017 0:00;1123.028806;2220.399679;126.8701626;174.7565661;206.7501314;196.0215883;221.2502766;9472.662799
9-10-2017 1:00;1122.675879;2219.755843;126.8390474;174.7673519;206.7610141;196.0132416;221.2367374;9406.547647
9-10-2017 2:00;1122.322952;2219.112008;126.8296894;174.7781376;206.7718967;196.004895;221.2231982;9472.304574
9-10-2017 3:00;1121.970026;2218.468173;126.8319939;174.7889234;206.7827793;195.9965483;221.222676;9433.250513
9-10-2017 4:00;1121.617099;2217.824337;126.6234585;174.7997092;206.793662;195.9882016;221.2368093;9414.725832
9-10-2017 5:00;1121.282801;2217.182548;126.2552791;174.810495;206.8045291;195.9798549;221.26065;9342.943465
9-10-2017 6:00;1124.309713;2216.909912;126.0259459;174.792966;206.7875666;195.9715082;221.2675808;9422.953338
9-10-2017 7:00;1129.81902;2216.909912;125.9256642;174.7413325;206.745297;195.9703878;221.2843168;9360.469864
9-10-2017 8:00;1125.791119;2231.755863;125.9122839;174.7076032;206.7376376;196.0251858;221.3729269;9496.43701
9-10-2017 9:00;1125.378164;2230.748682;125.8730693;174.7072466;206.7238922;195.9968947;221.3679459;9428.506242
9-10-2017 10:00;1127.782489;2228.055731;125.8902392;174.7207581;206.7408677;195.961696;221.2914985;9444.820766
9-10-2017 11:00;1133.099588;2250.060449;126.0985327;174.7238362;206.8155941;195.9455935;221.2676516;9285.959305
9-10-2017 12:00;1131.163944;2247.840339;126.5625484;174.7287804;206.8007554;195.941698;221.3135432;9334.761857
9-10-2017 13:00;1129.2283;2239.508736;126.8955295;174.7337246;206.7859167;195.9395421;221.1400026;9217.226191
9-10-2017 14:00;1127.292656;2233.575249;127.0581461;174.7386687;206.771078;195.9770531;221.091629;9117.319267
9-10-2017 15:00;1125.357012;2227.641761;127.1240677;174.7436129;206.7562393;195.9986496;221.1139;9103.393502
9-10-2017 16:00;1125.035859;2222.701401;127.0982937;174.7398508;206.7443175;196.0199655;221.1295245;9103.655396
9-10-2017 17:00;1118.463775;2219.125354;127.1716723;174.7528091;206.7502418;196.042739;221.1660408;9108.397604
9-10-2017 18:00;1117.599322;2216.62972;127.0957727;174.758293;206.7472423;196.062103;221.2604092;9107.744045
9-10-2017 19:00;1116.73487;2218.013941;126.7754273;174.7642901;206.7435923;196.0459164;221.1945733;9106.869616
9-10-2017 20:00;1116.193817;2219.398161;126.3360105;174.7702873;206.7399422;195.9872413;221.142426;9105.995187
9-10-2017 21:00;1118.095522;2220.782382;126.1163879;174.7762844;206.7362922;195.9885594;221.1213695;9105.120758
9-10-2017 22:00;1120.501403;2222.166603;126.0217083;174.7822816;206.7326422;196.0358214;221.1839222;9104.246328
9-10-2017 23:00;1122.907285;2223.550824;125.9743563;174.7882787;206.7289921;196.0717496;221.2531417;9103.371899
10-10-2017 0:00;1125.306817;2224.935045;125.9233243;174.7942759;206.7254838;196.0400194;221.3132939;9102.502577
10-10-2017 1:00;1124.218488;2226.293652;125.9509999;174.800193;206.7378673;196.0254343;221.1353511;9102.251769
10-10-2017 2:00;1120.194769;2226.987851;125.929578;174.8060268;206.7610517;196.0221124;221.1259389;9102.42765
10-10-2017 3:00;1116.171051;2227.389506;126.1381907;174.8118607;206.7842361;196.0205685;221.1330427;9102.603531
10-10-2017 4:00;1115.658562;2227.791162;126.4048763;174.8176946;206.8074206;196.0440466;221.2378049;9102.779413
10-10-2017 5:00;1121.769877;2233.328235;126.6649539;174.8227043;206.8168492;196.0040159;221.2520023;9102.951113
10-10-2017 6:00;1136.195991;2232.402891;126.784083;174.8252135;206.7408777;195.9367516;221.2608298;9111.437164
10-10-2017 7:00;1146.564691;2214.507869;126.8666441;174.8016485;206.7381897;195.9984559;221.2897604;9116.575388
10-10-2017 8:00;1153.270592;2209.307294;126.8667667;174.7813069;206.7410993;196.0388313;221.2569374;9309.849086
10-10-2017 9:00;1156.200311;2199.075607;126.8115103;174.8165227;206.7443494;196.0515253;221.3115984;9322.535928
10-10-2017 10:00;1155.463465;2203.934737;126.3639005;174.8097756;206.7406069;196.0419926;221.2534431;9546.668705
10-10-2017 11:00;1154.726619;2208.793867;126.0202729;174.7977874;206.7423992;196.0005967;221.29214;9167.916791
10-10-2017 12:00;1153.989772;2193.629468;125.9680139;174.7857992;206.7441915;196.0139392;221.3254873;9108.660575
10-10-2017 13:00;1153.252926;2192.735502;125.9189486;174.773811;206.7459838;196.0284961;221.2994501;9107.800866
10-10-2017 14:00;1152.51608;2196.054947;125.8848475;174.7618228;206.7477762;196.0517131;221.2464916;9106.941157
10-10-2017 15:00;1151.952467;2199.374393;125.9951227;174.7498346;206.7495685;196.0438074;221.3135261;9106.081448
10-10-2017 16:00;1152.241425;2202.693838;125.9811381;174.7378465;206.7513608;196.0385542;221.3590851;9105.221739
10-10-2017 17:00;1152.645313;2206.013284;125.9669252;174.7325681;206.7538205;196.0491676;221.3590851;9104.362029
10-10-2017 18:00;1153.049201;2209.332729;125.9378536;174.7373395;206.7573878;196.059781;221.3591728;9103.50232
10-10-2017 19:00;1153.453088;2212.483039;125.8825515;174.7422088;206.7609719;196.0703944;221.3757376;9103.867952
10-10-2017 20:00;1153.856976;2211.157408;125.8078181;174.7470781;206.764556;196.0805209;221.3858959;9105.886019
10-10-2017 21:00;1154.260864;2208.270646;125.8248038;174.7519474;206.7681402;196.0630812;221.3753799;9107.913006
10-10-2017 22:00;1154.664751;2205.841361;125.8289829;174.7568167;206.7717243;196.0629634;221.3590851;9109.939993
10-10-2017 23:00;1153.414623;2203.412215;125.7962299;174.761686;206.7753084;196.0698593;221.3914385;9111.96698
11-10-2017 0:00;1147.166209;2200.983069;125.7680355;174.7665471;206.7788925;196.0767552;221.3250953;9113.993966
11-10-2017 1:00;1143.800133;2199.260241;125.7921384;174.7744858;206.767453;196.0666081;221.2480984;9115.999317
11-10-2017 2:00;1145.6345;2203.23971;125.7025428;174.7903294;206.7619382;195.9827116;221.157719;9113.808724
11-10-2017 3:00;1145.271408;2199.125003;125.6278962;174.7924677;206.7742913;196.007322;221.2093186;9111.229655
11-10-2017 4:00;1149.807808;2197.895518;125.5345018;174.7586701;206.8327561;196.0276489;221.2173009;9114.150108
11-10-2017 5:00;1145.707955;2200.338258;125.4962639;174.7727978;206.7712883;196.0153123;221.2485128;9107.130931
11-10-2017 6:00;1149.594278;2200.050447;125.4973323;174.8129137;206.8029103;196.0046506;221.2450641;9103.063304
11-10-2017 7:00;1154.906177;2199.962331;125.4700998;174.8655009;206.8446558;195.9948545;221.3164316;9102.480298
11-10-2017 8:00;1156.956688;2199.550665;125.4472229;174.902798;206.7837788;195.9814515;221.2827875;9104.126152
11-10-2017 9:00;1155.422183;2199.803626;125.4538629;174.8878407;206.7882692;195.9142886;221.3160002;9103.37814
11-10-2017 10:00;1153.515579;2199.14949;125.4067425;174.8668904;206.7932562;195.9583307;221.2297964;9102.582841
11-10-2017 11:00;1150.503302;2193.1491;125.3726212;174.8419342;206.7920288;195.9798983;221.3999004;9102.182643
11-10-2017 12:00;1149.342041;2202.768815;125.355796;174.8358607;206.8135384;196.0080447;221.3907457;9105.636744
11-10-2017 13:00;1148.180781;2203.519076;125.3145357;174.8297872;206.835048;196.0338541;221.381963;9109.090844
11-10-2017 14:00;1147.01952;2201.10792;125.1725426;174.8237137;206.8565577;196.0399834;221.3063617;9112.544944
11-10-2017 15:00;1145.85826;2198.696763;125.5046449;174.8176402;206.8780673;195.9590773;221.2609924;9115.999045
11-10-2017 16:00;1144.696999;2196.285607;125.4259242;174.8115667;206.8995769;195.9533234;221.2664168;9119.453145
11-10-2017 17:00;1143.535738;2195.114658;125.4352232;174.8054932;206.9210865;195.9366437;221.1313577;9122.907245
11-10-2017 18:00;1142.526563;2197.455161;125.4290021;174.7995087;206.9425821;195.9121398;221.1607819;9126.351309
11-10-2017 19:00;1144.340718;2197.616122;125.4554491;174.7981235;206.9423791;195.9226825;221.3144967;9126.167752
11-10-2017 20:00;1147.217838;2197.777083;125.3826527;174.7993283;206.9225919;195.9281029;221.3951858;9123.052719
11-10-2017 21:00;1149.656247;2197.938044;125.4118238;174.800533;206.9028048;195.9231584;221.1777814;9119.937685
11-10-2017 22:00;1150.127272;2198.099005;125.4129391;174.8017377;206.8830177;195.9163036;221.2399114;9116.822652
11-10-2017 23:00;1150.360794;2198.259966;125.4244866;174.8029424;206.8632306;195.9271011;221.249431;9113.707618
12-10-2017 0:00;1150.594315;2198.420927;125.4623661;174.8041472;206.8434434;195.9592401;221.1836976;9110.592585
12-10-2017 1:00;1150.827837;2198.585892;125.4889552;174.8053519;206.8236563;195.9551341;221.095502;9107.477552
12-10-2017 2:00;1151.061359;2198.859232;125.493011;174.8060035;206.8038645;195.9610281;221.085027;9104.345217
12-10-2017 3:00;1151.294881;2199.181154;125.56846;174.7935759;206.7830713;196.0104744;221.1614627;9096.506216
12-10-2017 4:00;1157.425845;2199.503076;125.5466344;174.7756183;206.7615187;196.0643182;221.3221367;9084.987162
12-10-2017 5:00;1161.358516;2199.824997;125.5994616;174.7576607;206.7399661;196.0734467;221.3177143;9073.468108
12-10-2017 6:00;1143.36282;2200.146919;125.6482904;174.7397031;206.7184135;196.0554263;221.3161621;9061.949053
12-10-2017 7:00;1112.655437;2200.468841;125.5831183;174.7217455;206.6968609;196.0174259;221.134324;9050.429999
12-10-2017 8:00;1108.447829;2200.790763;125.5460871;174.7037879;206.6753083;195.9251433;220.9905124;9038.910945
12-10-2017 9:00;1104.240221;2200.959641;125.6309492;174.6858303;206.6537557;196.0373927;220.8997405;9027.391891
12-10-2017 10:00;1081.575698;2201.080374;125.6471338;174.6555466;206.6286261;195.9830378;220.7809119;9022.099865
12-10-2017 11:00;1039.024148;2204.473775;125.5205335;174.6507329;206.6489907;195.9710007;220.6715941;9001.604033
12-10-2017 12:00;1040.247927;2207.115539;125.4162757;174.6470974;206.6161361;195.9966618;220.4999154;8977.015565
12-10-2017 13:00;1041.99224;2209.757304;125.3625687;174.6434619;206.5832815;196.0223229;220.4222178;8952.427097
12-10-2017 14:00;1043.736553;2212.399068;125.3353283;174.6398264;206.5504268;196.0478186;220.5816722;8927.838629
12-10-2017 15:00;1045.480866;2215.040832;125.3262455;174.6361909;206.5175722;196.0724939;220.4888406;8903.250161
12-10-2017 16:00;1047.225179;2217.682597;125.378506;174.6325555;206.4847176;196.0970576;220.3972604;8878.661693
12-10-2017 17:00;101.7553498;3090.34032;125.2134145;174.62892;206.4518629;195.9890433;220.3755466;8867.441686
12-10-2017 18:00;0;3087.230472;125.2348151;174.6292087;206.4351504;195.9731993;220.4618915;8885.791773
12-10-2017 19:00;0;3089.37993;125.1029115;174.6455018;206.476913;195.976354;220.3618779;8905.212262
12-10-2017 20:00;0;3092.350013;125.0749459;174.663507;206.5239835;195.985041;220.4388666;8924.632752
12-10-2017 21:00;0;3095.320095;124.9664969;174.6815122;206.571054;196.0514199;220.5540061;8944.053241
12-10-2017 22:00;220.5805379;2929.799529;124.974423;174.6995174;206.6181245;196.0233553;220.5903391;8963.47373
12-10-2017 23:00;1139.38661;2220.730987;125.5771639;174.7175226;206.6651949;196.0325105;221.1008177;8982.894219
13-10-2017 0:00;1144.25403;2235.248445;125.9343427;174.7355277;206.7122654;196.0245906;221.1193606;9002.314709
13-10-2017 1:00;1145.816887;2236.04658;126.0750303;174.7535329;206.7593359;196.0302036;221.1178109;9013.470234
13-10-2017 2:00;1141.888931;2237.672269;126.2184628;174.768208;206.7687612;196.0287754;221.1146978;9011.692135
13-10-2017 3:00;1152.38564;2194.919011;126.2501805;174.7316735;206.64624;195.9611725;221.2786572;9005.672822
13-10-2017 4:00;1169.817618;2193.734931;126.3086088;174.7515692;206.6689287;195.9266414;221.1162027;9003.719911
13-10-2017 5:00;1165.58216;2194.579343;126.3111374;174.763192;206.7022889;195.9499864;221.1207398;9002.932428
13-10-2017 6:00;1144.316494;2202.239687;126.2442967;174.70683;206.7164235;196.0295278;221.1412341;9008.406762
13-10-2017 7:00;1140.568011;2201.502923;126.1886104;174.6979033;206.7295431;196.0322573;221.1157173;9009.712532
13-10-2017 8:00;1145.719229;2200.766159;126.1622745;174.6889765;206.7426627;196.0349869;221.1428488;9011.018302
13-10-2017 9:00;1146.715767;2199.095014;126.1185797;174.7011789;206.7430362;196.0145691;221.2273498;9012.06536
13-10-2017 10:00;1100.779888;2197.076815;126.0513312;174.7187341;206.743702;195.9687299;221.0596611;9011.206078
13-10-2017 11:00;1086.19272;2195.326583;125.9256466;174.7258959;206.7491568;195.9330566;220.8486612;9007.639049
13-10-2017 12:00;1088.521608;2193.576352;125.8897275;174.7330576;206.7546116;195.9808453;220.7294674;9004.07202
13-10-2017 13:00;1090.850496;2191.82612;125.8605117;174.7402194;206.7600664;196.0102488;220.7846432;9000.504991
13-10-2017 14:00;1102.399787;2190.075888;125.9579368;174.7473812;206.7655211;196.0396523;220.9173284;8996.937963
13-10-2017 15:00;1135.851552;2188.325657;126.1344876;174.7545429;206.7709759;196.0690558;221.0042897;8993.370934
13-10-2017 16:00;1136.844114;2188.323919;126.3213121;174.7617047;206.7764307;196.0519906;221.1416871;8989.803905
13-10-2017 17:00;1137.836675;2196.00992;126.4772874;174.7691918;206.7803893;196.0634039;221.2495345;8986.725537
13-10-2017 18:00;1138.829237;2196.939919;126.4962964;174.778467;206.7790434;196.0773931;221.2658922;8986.483532
13-10-2017 19:00;1139.821799;2193.949131;126.5580999;174.7880146;206.7772309;196.0547103;221.2195145;8986.698669
13-10-2017 20:00;1140.81436;2181.543469;126.5740235;174.7975622;206.7754184;196.0474392;221.1760054;8986.913807
13-10-2017 21:00;1141.806922;2183.617888;126.568755;174.8071098;206.7736059;196.0723953;221.0973936;8987.128944
13-10-2017 22:00;1142.809125;2187.828916;126.2408152;174.8166575;206.7717934;196.0342649;221.1001959;8987.344082
13-10-2017 23:00;1144.55722;2192.039945;126.0739245;174.8262051;206.7699809;196.0230345;221.0555749;8987.559219
14-10-2017 0:00;1146.772975;2196.250974;125.9893827;174.8357527;206.7681684;196.0127738;221.0817282;8987.774357
14-10-2017 1:00;1148.98873;2200.462003;125.9117387;174.8473473;206.7668589;196.0025131;221.0847385;8987.268127
14-10-2017 2:00;1150.16064;2202.353296;125.8968303;174.8664156;206.7724149;195.9851699;221.1160415;8984.257929
14-10-2017 3:00;1138.867227;2194.687538;125.8870963;174.6460146;206.7527183;195.9534466;221.2007615;8929.692797
14-10-2017 4:00;23.12418178;3118.54651;125.5758627;174.2623974;206.6966414;195.672705;220.1329622;8762.909354
14-10-2017 5:00;0;3174.193448;125.2339755;173.8787802;206.2597057;196.0636208;220.7261795;8877.153576
14-10-2017 6:00;0;3136.307773;125.0778578;173.495163;205.5756513;195.9667041;220.6918289;8925.347748
14-10-2017 7:00;0;696.2137748;130.2850384;169.5270234;175.825853;173.8465541;174.3080706;2882.589537
14-10-2017 8:00;0;4.013490135;140.6728995;164.1648752;147.0208092;146.7959944;144.0172008;2135.73222
14-10-2017 9:00;0;2.459142898;146.8496761;160.3669568;136.7613676;135.9964598;133.7411928;2121.011141
14-10-2017 10:00;0;0.904795661;150.7732433;157.9056039;131.7805264;131.1688024;129.1679145;2106.290061
14-10-2017 11:00;0;0;153.3418428;157.6499005;128.3644679;128.9190714;126.9925994;2091.568982
14-10-2017 12:00;0;0;154.9866782;157.4269078;127.9539503;127.8587741;126.0007971;2076.847903
14-10-2017 13:00;0;0;156.080943;157.203915;127.6179846;127.3670537;125.6604344;2062.126823
14-10-2017 14:00;0;0;156.7978295;156.9809223;127.2820188;127.2018679;125.5029485;2047.405744
14-10-2017 15:00;0;0;157.2945339;156.7579295;126.9460531;127.0604268;125.3454627;2039.147932
14-10-2017 16:00;0;0;157.6018879;156.5349368;126.6100873;126.9189858;125.1879768;2038.386279
14-10-2017 17:00;0;0;157.7732883;156.3119441;126.2741216;126.7775448;125.030491;2037.634741
14-10-2017 18:00;0;0;157.9446887;156.1458411;125.9381558;126.6435269;124.8730052;2036.883203
14-10-2017 19:00;0;0;158.0513971;156.0729834;125.7098841;126.5465428;124.7351159;2036.131665
14-10-2017 20:00;0;0;158.069086;156.0014722;125.6381884;126.4546293;124.6706925;2035.380127
14-10-2017 21:00;0;0;158.0862286;155.929961;125.5678059;126.3627158;124.6132739;2034.62859
14-10-2017 22:00;0;0;158.1033711;155.8584498;125.4974234;126.2708023;124.5558553;2033.877052
14-10-2017 23:00;0;0;158.1205136;155.7869386;125.427041;126.1788887;124.4984367;2033.476851
15-10-2017 0:00;0;0;158.1376562;155.7154274;125.3566585;126.0889;124.441018;2033.47644
15-10-2017 1:00;0;0;158.1547987;155.6439162;125.286276;126.0533241;124.3835994;2033.476504
15-10-2017 2:00;0;0;158.1676676;155.5687965;125.2158935;126.0425811;124.3261808;2033.530709
15-10-2017 3:00;0;0;158.1673979;155.4900361;125.1907232;126.031838;124.283665;2033.632094
15-10-2017 4:00;0;0;158.1662057;155.4112757;125.2157539;126.021095;124.2919764;2033.733478
15-10-2017 5:00;0;0;158.1650136;155.3325152;125.2408184;126.010352;124.3045043;2033.834863
15-10-2017 6:00;0;0;158.1638214;155.2537548;125.265883;125.999609;124.3170323;2033.936247
15-10-2017 7:00;0;0;158.1626292;155.1749944;125.2909476;125.988866;124.3295602;2034.037632
15-10-2017 8:00;0;0;158.161437;155.096234;125.3160122;125.9804126;124.3420881;2034.139016
15-10-2017 9:00;0;0;158.1602449;155.0174766;125.3410767;126.0313503;124.3546161;2034.240401
15-10-2017 10:00;0;0;158.159331;155.0390402;125.3661413;126.1084384;124.367144;2034.325332
15-10-2017 11:00;0;0;158.1592712;155.1587289;125.4201422;126.1855265;124.3989464;2034.334717
15-10-2017 12:00;0;0;158.1726736;155.2871136;125.4906721;126.2582692;124.4631125;2034.178176
15-10-2017 13:00;0;0;158.2192494;155.4023544;125.5033234;126.2976795;124.466437;2034.257902
15-10-2017 14:00;0;0;158.2550757;155.4763521;125.5379394;126.3284981;124.5027259;2034.148946
15-10-2017 15:00;0;0;158.290902;155.5503498;125.5725554;126.3593167;124.5390147;2034.039989
15-10-2017 16:00;0;0;158.3267283;155.6243475;125.6071714;126.3901352;124.5753036;2033.931032
15-10-2017 17:00;0;0;158.3625546;155.6983452;125.6417874;126.4209538;124.6115925;2033.822075
15-10-2017 18:00;0;0;158.398381;155.7723429;125.6764033;126.4453678;124.6478813;2033.713119
15-10-2017 19:00;0;0;158.4342073;155.8463406;125.7110193;126.4565599;124.6841702;2033.604162
15-10-2017 20:00;0;0;158.4657827;155.9185949;125.7432906;126.4673503;124.7147245;2033.509457
15-10-2017 21:00;0;0;158.4558898;155.9380701;125.7466588;126.4781407;124.7086384;2033.605857
15-10-2017 22:00;0;0;158.4354997;155.9327891;125.7414287;126.4889311;124.6960576;2033.7622
15-10-2017 23:00;0;0;158.4151097;155.927508;125.7361986;126.4975287;124.6834767;2033.918542
16-10-2017 0:00;0;0;158.3947196;155.9222269;125.7309685;126.4927628;124.6708959;2034.074884
16-10-2017 1:00;0;0;158.3743296;155.9169458;125.7257383;126.4857347;124.6583151;2034.231227
16-10-2017 2:00;0;0;158.3629368;155.8875904;125.6505898;126.4743382;124.6147032;2033.939751
16-10-2017 3:00;0;0;158.3276614;155.8806635;125.6501631;126.4530756;124.6087071;2034.268793
16-10-2017 4:00;0;0;158.2874659;155.8770832;125.6628404;126.4312808;124.6230142;2034.160028
16-10-2017 5:00;0;0;158.2472704;155.873503;125.6755177;126.4102577;124.6373212;2034.051263
16-10-2017 6:00;0;0;158.2070802;155.8699227;125.6881949;126.4043884;124.6516283;2033.942498
16-10-2017 7:00;0;0;158.1779863;155.8663424;125.7008722;126.4197694;124.6659354;2033.833733
16-10-2017 8:00;0;0;158.159048;155.8627622;125.7135495;126.4986371;124.6802424;2033.724968
16-10-2017 9:00;0;0;158.1401098;155.8591819;125.7262268;126.5844044;124.6945495;2033.616203
16-10-2017 10:00;0;0;158.1211716;155.8675154;125.7625695;126.6701717;124.7326534;2033.509952
16-10-2017 11:00;0;0;158.1022334;155.9234778;125.8752361;126.7559389;124.8528678;2033.47644
16-10-2017 12:00;0;0;158.0832952;155.9844019;125.9937017;126.8332811;124.9800156;2033.47644
16-10-2017 13:00;0;0;158.064357;156.0452983;126.1121673;126.8942396;125.1071635;2033.47644
16-10-2017 14:00;0;0;158.0504701;156.0751982;126.1726841;126.9390367;125.1716773;2034.189763
16-10-2017 15:00;0;0;158.0634947;156.0786858;126.1592713;126.9384842;125.1601693;2034.334717
16-10-2017 16:00;0;0;158.076753;156.07368;126.1423665;126.9384842;125.1451208;2034.334717
16-10-2017 17:00;0;0;158.0900114;156.0686742;126.1254617;126.9384842;125.1300722;2034.334717
16-10-2017 18:00;0;0;158.1033166;156.0636684;126.1085569;126.9384842;125.1150236;2034.334717
16-10-2017 19:00;0;0;158.1168195;156.0586626;126.091652;126.9384842;125.0999751;2034.334717
16-10-2017 20:00;0;0;158.1303447;156.0536568;126.0747472;126.9384842;125.0849265;2034.334717
16-10-2017 21:00;0;0;158.1446859;156.0541268;126.0585981;126.90091;125.0677982;2034.172928
16-10-2017 22:00;0;0;158.1778048;156.0671102;126.030456;126.8145357;124.9746336;2034.299579
16-10-2017 23:00;0;0;158.2199605;156.0921911;125.9691804;126.7791141;124.9430542;2033.975771
17-10-2017 0:00;0;0;158.2539941;156.0965441;125.9146708;126.714939;124.915486;2034.241224
17-10-2017 1:00;0;0;158.2648162;156.0997645;125.8809336;126.6859466;124.8844128;2034.092232
17-10-2017 2:00;0;0;158.2756383;156.1029849;125.8471963;126.6569542;124.8533396;2033.94324
17-10-2017 3:00;0;0;158.2864605;156.1062052;125.813459;126.6279619;124.8222664;2033.794249
17-10-2017 4:00;0;0;158.2972826;156.1094256;125.7797218;126.5989695;124.7911932;2033.645257
17-10-2017 5:00;0;0;158.3094179;156.0981939;125.7442047;126.5967887;124.7547593;2033.510745
17-10-2017 6:00;0;0;158.3412086;156.0816216;125.7306298;126.546237;124.6872804;2034.292718
17-10-2017 7:00;0;0;158.3274902;156.0760294;125.7185006;126.4986723;124.6783188;2034.334717
17-10-2017 8:00;0;0;158.3035846;156.0699654;125.7058744;126.4561884;124.6693573;2034.334717
17-10-2017 9:00;0;0;158.2796789;156.0639013;125.6932481;126.4418434;124.6603957;2034.334717
17-10-2017 10:00;0;0;158.2557835;156.0578373;125.6806219;126.4318179;124.6514342;2034.334717
17-10-2017 11:00;0;0;158.2358603;156.0517732;125.6679957;126.4217924;124.6424726;2034.334717
17-10-2017 12:00;0;0;158.2191669;156.0457091;125.6553695;126.4067331;124.6335111;2034.334717
17-10-2017 13:00;0;0;158.2024736;156.0396511;125.6427407;126.3778274;124.6244512;2034.334717
17-10-2017 14:00;0;0;158.1857802;156.0343482;125.6181025;126.3481242;124.6016631;2034.334717
17-10-2017 15:00;0;0;158.1690869;156.0295693;125.5821471;126.3184209;124.5691554;2034.334717
17-10-2017 16:00;0;0;158.1523935;156.0247904;125.5461917;126.2887176;124.5366477;2034.334717
17-10-2017 17:00;0;0;158.1357002;156.0200115;125.5102363;126.2590144;124.5041401;2034.334717
17-10-2017 18:00;0;0;158.119016;156.0152326;125.4742809;126.2254495;124.4716324;2034.334717
17-10-2017 19:00;0;0;158.1056204;156.0104536;125.4383255;126.1869408;124.4391247;2034.334717
17-10-2017 20:00;0;0;158.0948796;156.0056747;125.4023701;126.1484137;124.406617;2034.334717
17-10-2017 21:00;0;0;158.0841388;156.0008099;125.3663829;126.1098866;124.3741534;2033.966969
17-10-2017 22:00;0;0;158.073398;155.9876489;125.3196467;126.0713595;124.3436505;2033.47644
17-10-2017 23:00;0;0;158.0626572;155.9690195;125.264287;126.0328325;124.314202;2033.47644
18-10-2017 0:00;0;0;158.0519163;155.9503901;125.2089273;125.9943054;124.2847535;2033.47644
18-10-2017 1:00;0;0;158.0411755;155.9317607;125.1535675;125.9557804;124.2553049;2033.47644
18-10-2017 2:00;0;0;158.0306407;155.9131313;125.0982078;125.9282445;124.2258564;2033.47644
18-10-2017 3:00;0;0;158.0644331;155.8885917;125.0495795;125.9213538;124.2034369;2033.47644
18-10-2017 4:00;0;0;158.0566451;155.8554435;125.0432514;125.934618;124.2096449;2033.47644
18-10-2017 5:00;0;0;158.0360721;155.8402208;125.0545655;125.9316744;124.2140463;2033.47644
18-10-2017 6:00;0;0;158.0154992;155.8249982;125.0658795;125.9287307;124.2184477;2033.47644
18-10-2017 7:00;0;0;157.9949263;155.8097755;125.0771936;125.925787;124.2228491;2033.47644
18-10-2017 8:00;0;0;157.9743534;155.7945528;125.0885077;125.9228433;124.2272505;2033.47644
18-10-2017 9:00;0;0;157.9537805;155.7793302;125.0998217;125.9198996;124.2316519;2033.47644
18-10-2017 10:00;0;0;157.9892818;155.7371056;125.0741907;125.9073934;124.1581105;2033.715064
18-10-2017 11:00;0;0;158.0075906;155.7412736;125.0789771;125.9387158;124.1565195;2034.282411
18-10-2017 12:00;0;0;158.0155696;155.7659875;125.1041426;125.9765237;124.1732651;2034.334717
18-10-2017 13:00;0;0;158.0235487;155.7907015;125.129308;126.0143315;124.1900107;2034.334717
18-10-2017 14:00;0;0;158.0315277;155.8154155;125.1544735;126.0521393;124.2067563;2034.334717
18-10-2017 15:00;0;0;158.0395068;155.8401294;125.179639;126.0810531;124.2235019;2034.275949
18-10-2017 16:00;0;0;158.0613487;155.8533781;125.2433257;126.0403367;124.326879;2033.617198
18-10-2017 17:00;0;0;158.0467888;155.8685848;125.2699576;126.0400412;124.3490677;2034.027544
18-10-2017 18:00;0;0;158.0265853;155.8878132;125.2746059;126.0458147;124.3490677;2033.668484
18-10-2017 19:00;0;0;157.9897199;155.9192095;125.2754862;126.0746222;124.3256862;2033.582482
18-10-2017 20:00;0;0;157.963412;155.9228344;125.2773764;126.0115896;124.3003577;2034.224861
18-10-2017 21:00;0;0;157.9582177;155.9114447;125.2754597;125.9098067;124.3096615;2034.334717
18-10-2017 22:00;0;0;157.9530235;155.900055;125.2735431;125.9197236;124.3189653;2033.534016
18-10-2017 23:00;0;0;157.9478292;155.8886654;125.2716265;125.9513093;124.3282691;2033.47644
19-10-2017 0:00;0;0;157.942635;155.8772757;125.2697098;125.9828951;124.3375729;2033.47644
19-10-2017 1:00;0;0;157.9580425;155.865886;125.2677932;126.0144809;124.3468767;2033.47644
19-10-2017 2:00;0;0;157.9961295;155.8544963;125.2658765;126.0460666;124.3561805;2033.47644
19-10-2017 3:00;0;0;158.0094645;155.8803041;125.2758;126.0917067;124.3086351;2033.497103
19-10-2017 4:00;0;0;158.0008885;155.8899044;125.2938291;126.1101362;124.3031341;2033.575252
19-10-2017 5:00;0;0;157.9961196;155.8767199;125.308156;126.1192603;124.3246213;2033.656783
19-10-2017 6:00;0;0;157.9913508;155.8635354;125.322483;126.1283844;124.3461084;2033.738315
19-10-2017 7:00;0;0;157.9865819;155.8503509;125.3368099;126.1375086;124.3675956;2033.819846
19-10-2017 8:00;0;0;157.981813;155.8371664;125.3511369;126.1512423;124.3890828;2033.901377
19-10-2017 9:00;0;0;157.9770441;155.8239819;125.3654639;126.1957733;124.41057;2033.982909
19-10-2017 10:00;0;0;157.9722753;155.8107973;125.3797908;126.2459985;124.4320572;2034.06444
19-10-2017 11:00;0;0;157.9746173;155.8023821;125.3789827;126.2962236;124.4243018;2034.145972
19-10-2017 12:00;0;0;157.9966867;155.814565;125.3030603;126.3298519;124.332284;2034.227503
19-10-2017 13:00;0;0;158.0199107;155.8291206;125.2169149;126.258035;124.23498;2034.307639
19-10-2017 14:00;0;0;158.0431347;155.8436763;125.1307694;126.1674604;124.1376759;2034.334717
19-10-2017 15:00;0;0;158.0663587;155.858232;125.044624;126.0238584;124.0403718;2034.334717
19-10-2017 16:00;0;0;158.0895828;155.8727877;124.9584785;125.8380642;123.943324;2034.017512
19-10-2017 17:00;0;0;158.1070451;155.8873434;124.8723331;125.6571021;123.869705;2033.47644
19-10-2017 18:00;0;0;158.0962989;155.9018991;124.7861876;125.5940843;123.8113476;2033.47644
19-10-2017 19:00;0;0;158.0817728;155.9092816;124.6843533;125.5816451;123.7529903;2033.47644
19-10-2017 20:00;0;0;158.020982;155.8964882;124.6671682;125.512506;123.6989304;2033.47644
19-10-2017 21:00;0;0;158.0162048;155.800931;124.6420781;125.4674322;123.7088308;2033.47644
19-10-2017 22:00;0;0;158.0117261;155.7240616;124.6679282;125.4947913;123.7383148;2033.47644
19-10-2017 23:00;0;0;158.0174316;155.6643312;124.7126477;125.576192;123.7909198;2033.47644
20-10-2017 0:00;0;0;158.0269709;155.5926454;124.7634981;125.6367469;123.8415648;2033.47644
20-10-2017 1:00;0;0;158.0365102;155.5209596;124.8143484;125.6973017;123.8922098;2033.47644
20-10-2017 2:00;0;0;158.0460496;155.4492738;124.8651988;125.7578566;123.9428548;2033.47644
20-10-2017 3:00;0;0;158.0555889;155.377588;124.9160491;125.8184115;123.9934998;2033.47644
20-10-2017 4:00;0;0;158.0651282;155.3059022;124.9668995;125.8789664;124.0441447;2033.47644
20-10-2017 5:00;0;0;158.0746675;155.2342164;125.0177499;125.9370506;124.0947897;2033.47644
20-10-2017 6:00;0;0;158.0757585;155.1410831;125.0599568;125.9297523;124.1306875;2033.47644
20-10-2017 7:00;0;0;158.0455176;154.9578991;125.0643768;125.8934203;124.1261738;2033.47644
20-10-2017 8:00;0;0;158.0123349;154.7647092;125.0643768;125.8570882;124.1193487;2033.47644
20-10-2017 9:00;0;0;157.9791521;154.5715194;125.0643768;125.8207561;124.1125237;2033.47644
20-10-2017 10:00;0;0;157.9702699;154.4083028;125.0613739;125.8399809;124.0943361;2033.508137
20-10-2017 11:00;0;0;157.9977208;154.4800534;125.0627939;125.8893661;124.0813062;2033.743745
20-10-2017 12:00;0;0;158.0373601;154.6056581;125.0607903;125.8893661;124.0855499;2034.015734
20-10-2017 13:00;0;0;158.0769994;154.7312627;125.0587866;125.8893661;124.0897936;2033.996487
20-10-2017 14:00;0;0;158.1166388;154.8568674;125.0567829;125.8893661;124.0940373;2033.47644
20-10-2017 15:00;0;0;158.1562781;154.9824721;125.0547792;125.8893661;124.098281;2033.47644
20-10-2017 16:00;0;0;158.1959174;155.1080768;125.0527756;125.8824596;124.1025247;2033.47644
20-10-2017 17:00;0;0;158.2356986;155.2338647;125.0507946;125.8265784;124.1107629;2033.47644
20-10-2017 18:00;0;0;158.2597442;155.2476034;125.0639298;125.8363551;124.0608079;2033.47644
20-10-2017 19:00;0;0;158.1924202;155.2282991;125.0466065;125.8277697;124.0558719;2033.47644
20-10-2017 20:00;0;0;158.1246972;155.2151694;125.0218856;125.8183884;124.0510918;2033.47644
20-10-2017 21:00;0;0;158.0569741;155.2020397;124.9971646;125.8090072;124.0463117;2033.47644
20-10-2017 22:00;0;0;157.9847753;155.1889099;124.9724437;125.7996259;124.0415316;2033.47644
20-10-2017 23:00;0;0;157.8548372;155.1757794;124.9477302;125.7902447;124.0367515;2033.47644
21-10-2017 0:00;0;0;157.667181;155.1895628;125.0129231;125.8037648;124.0227909;2033.7361
21-10-2017 1:00;0;0;157.2847152;155.2217928;125.0415485;125.7928378;124.0200272;2034.287004
21-10-2017 2:00;0;0;157.0718829;155.363875;125.1918649;125.8411323;124.0524497;2209.394338
21-10-2017 3:00;0;0;157.2296616;155.5346086;125.866412;125.8360805;124.0398678;2626.07134
21-10-2017 4:00;0;0;157.376915;155.7048638;126.5655774;126.046329;124.4245751;2976.423232
21-10-2017 5:00;0;0;157.4403311;155.875119;133.0101887;133.117832;133.9993859;3606.326971
21-10-2017 6:00;0;0;157.4724801;156.0453742;163.2173487;164.9853562;168.3419753;3797.622605
21-10-2017 7:00;0;364.0183148;155.7730513;173.1158489;183.9355608;181.2590021;188.5486468;4628.810862
21-10-2017 8:00;0;2965.247053;137.4169804;174.7978943;201.7127966;192.0820897;214.5890367;8568.875917
21-10-2017 9:00;0;3293.311236;127.3840479;175.5507844;207.6281901;196.1895738;221.7199897;9447.252913
21-10-2017 10:00;0;3195.943879;125.0066779;175.6527622;206.9037118;196.0156532;221.1149983;9190.468048
21-10-2017 11:00;0;3190.211415;124.511197;175.5389644;206.8840107;196.0366459;221.0959358;9177.772429
21-10-2017 12:00;0;3142.566055;124.4010677;175.4251666;206.8643095;196.0631561;220.9804236;9084.963736
21-10-2017 13:00;0;3184.931181;124.2938892;175.3113689;206.8446084;196.0795707;221.0678198;9040.660978
21-10-2017 14:00;0;3190.835546;124.3534827;175.1975711;206.8249073;196.0656097;221.1470508;9119.147162
21-10-2017 15:00;0;3191.47939;124.3727702;175.0837733;206.8052062;196.0427172;221.1752337;9117.099727
21-10-2017 16:00;0;3192.123233;124.3805236;174.9699755;206.7855051;196.0216633;221.2034167;9165.564814
21-10-2017 17:00;0;3192.767077;124.4115637;174.8794461;206.7682455;196.0013283;221.2289511;9191.611405
21-10-2017 18:00;0;3193.410921;124.4260006;174.868122;206.7630275;195.9809933;221.241146;9190.567311
21-10-2017 19:00;0;3194.054764;124.3848912;174.8633492;206.7594367;195.9606582;221.2514949;9062.753945
21-10-2017 20:00;0;3194.698608;124.3644865;174.8585763;206.7558458;195.9403232;221.2618438;9222.176376
21-10-2017 21:00;0;3196.034833;124.3668301;174.8538035;206.7522549;195.9199882;221.2689473;9359.612872
21-10-2017 22:00;0;3199.17057;124.2983697;174.8490306;206.7486641;195.9003633;221.2508145;9252.069171
21-10-2017 23:00;0;3202.399168;124.2702406;174.8442578;206.7450732;195.8991172;221.2603962;9423.757959
22-10-2017 0:00;0;3205.627767;124.2384936;174.8394849;206.7414823;195.9059559;221.2768348;9433.857561
22-10-2017 1:00;0;3208.856366;124.2138887;174.841185;206.7377074;195.9127945;221.282384;9422.863189
22-10-2017 2:00;0;3212.084965;124.1784585;174.8643516;206.7331279;195.9196939;221.2673817;9376.205168
22-10-2017 3:00;0;3215.313564;124.1424728;174.8892233;206.7284542;195.959167;221.1327248;9355.394592
22-10-2017 4:00;0;3208.783315;124.1334542;174.9077567;206.7285823;196.0298068;221.2476687;9338.515838
22-10-2017 5:00;0;3198.882665;124.1438737;174.9270335;206.7367673;196.0449147;221.230472;9435.149898
22-10-2017 6:00;0;3199.236754;124.0939555;174.9222532;206.734975;195.9562369;221.1705306;9232.287532
22-10-2017 7:00;0;3199.590844;124.155719;174.9174729;206.7331827;195.9436612;221.2553247;9228.077124
22-10-2017 8:00;0;3199.944933;124.0868445;174.9126926;206.7313905;195.9785206;221.2212295;9335.851554
22-10-2017 9:00;0;3200.299023;124.0925918;174.9079122;206.7295982;195.9759937;221.2056387;9335.774598
22-10-2017 10:00;0;3200.653112;124.1010112;174.9031319;206.7278059;195.9734668;221.2417779;9329.492952
22-10-2017 11:00;0;3201.007202;124.1542581;174.8983516;206.7260136;195.9709398;221.2693794;9323.211307
22-10-2017 12:00;0;3199.886757;124.1295763;174.8927447;206.7232559;195.9684129;221.2653796;9316.929662
22-10-2017 13:00;0;3190.009692;124.1266388;174.875403;206.7066817;195.9658859;221.2584208;9310.648017
22-10-2017 14:00;0;3192.886055;124.1890332;174.8542516;206.6856004;195.963359;221.251462;9304.366371
22-10-2017 15:00;0;3205.463491;124.161476;174.8647892;206.6720774;195.969928;221.2669698;9299.859373
22-10-2017 16:00;0;3228.362344;124.1102293;174.8831635;206.6769692;196.018737;221.2754352;9299.946047
22-10-2017 17:00;0;3230.579257;124.1024506;174.8831635;206.6893899;195.969438;221.3215076;9300.395906
22-10-2017 18:00;0;3223.996575;124.0788411;174.8831635;206.7018107;195.9344166;221.1947968;9300.845766
22-10-2017 19:00;0;3216.446258;124.049656;174.8831635;206.7142314;195.9625805;221.2856225;9301.295625
22-10-2017 20:00;0;3208.895942;124.1043296;174.8831635;206.7266522;195.9915577;221.2303204;9301.745485
22-10-2017 21:00;0;3201.179962;124.0120806;174.8639913;206.6740182;196.020655;221.1600759;9302.836893
22-10-2017 22:00;0;3196.917884;123.9715142;174.8310208;206.6492947;196.031986;221.2439709;9303.674328
22-10-2017 23:00;0;3193.843169;124.0079999;174.8479653;206.6789132;196.0340154;221.0995714;9301.465894
23-10-2017 0:00;0;3190.768455;123.989666;174.8649097;206.7085317;195.9956409;221.1227426;9299.257461
23-10-2017 1:00;0;3200.04732;123.9893018;174.8629318;206.6224146;195.9684704;221.1571576;9297.080267
23-10-2017 2:00;0;3206.861764;124.014002;174.8404788;206.5206876;195.9844414;221.2106145;9297.929163
23-10-2017 3:00;0;3211.952302;123.9982121;174.8201584;206.4316712;196.0022408;221.2477372;9295.779715
23-10-2017 4:00;0;3217.04284;123.9687509;174.799838;206.3426548;196.0200403;221.217165;9293.630267
23-10-2017 5:00;0;3222.133377;123.9730054;174.7795176;206.2536384;196.0378397;221.1915066;9291.480819
23-10-2017 6:00;0;3227.223915;123.966604;174.7591972;206.164622;196.0556392;221.2003285;9289.331372
23-10-2017 7:00;0;3232.314452;123.9475431;174.7388768;206.0756057;196.0734386;221.2105151;9245.246187
23-10-2017 8:00;758.6887846;2438.863329;124.2121611;174.7185564;205.9865893;195.8527112;220.9715477;9278.430238
23-10-2017 9:00;992.1117314;2151.487397;124.0124579;174.687596;205.8928021;195.5167793;219.8867584;8958.336453
23-10-2017 10:00;994.5289005;2133.17748;124.0356204;174.6239252;205.788581;195.5581795;219.6954169;8902.175255
23-10-2017 11:00;999.9914331;2115.064517;124.0481977;174.5579578;205.6839926;195.4670603;219.6670632;8846.014057
23-10-2017 12:00;987.761578;2106.94695;124.0309684;174.4919904;205.5794041;195.537118;219.3714444;8789.852859
23-10-2017 13:00;992.0328812;2105.270432;124.0410575;174.4261278;205.4748157;195.5509281;219.1914035;8733.766378
23-10-2017 14:00;998.8580657;2116.302615;124.0413255;174.3892293;205.5419995;195.4669656;219.1464372;8697.714426
23-10-2017 15:00;1004.328475;2097.592581;124.0047174;174.401509;205.4807942;195.5132944;219.094232;8682.68726
23-10-2017 16:00;1001.287807;2093.091844;124.0314834;174.4186389;205.4902592;195.4569057;219.0378423;8682.952686
23-10-2017 17:00;1000.896798;2109.621664;124.1178059;174.430773;205.5012035;195.4437715;219.1601868;8683.491279
23-10-2017 18:00;1004.968092;2105.397039;124.1451183;174.4429071;205.5121479;195.4286893;219.0526841;8684.029873
23-10-2017 19:00;1006.85513;2101.172415;124.1539572;174.4550412;205.5230922;195.4113862;219.0884194;8684.568466
23-10-2017 20:00;1001.06038;2101.641319;124.1780844;174.4671753;205.5340365;195.4036083;219.0912777;8685.10706
23-10-2017 21:00;993.3298671;2125.137082;124.1640521;174.4793095;205.5449808;195.4201929;219.2041694;8685.645654
23-10-2017 22:00;1006.711067;2138.666875;124.1216229;174.4914436;205.5559251;195.4379947;219.3363816;8686.184247
23-10-2017 23:00;1002.02091;2126.898076;124.1241031;174.4943715;205.5546753;195.4557964;219.2725892;8687.214829
24-10-2017 0:00;1001.91625;2114.485706;124.10873;174.4664424;205.5131797;195.4735981;219.1978574;8690.666732
24-10-2017 1:00;992.746168;2102.434878;124.1067781;174.4577609;205.4506652;195.4971414;219.2062196;8697.256872
24-10-2017 2:00;1009.049294;2097.890103;124.1462069;174.4946798;205.4267641;195.4389167;219.2727607;8705.573741
24-10-2017 3:00;999.917665;2096.037526;124.1767209;174.4708336;205.4340077;195.4359015;219.1419071;8703.082876
24-10-2017 4:00;1002.484262;2096.784134;124.2292791;174.4469873;205.4412513;195.4488009;219.2164942;8700.59201
24-10-2017 5:00;1003.90074;2103.493846;124.281896;174.4231411;205.4484949;195.4580007;219.2270065;8698.101144
24-10-2017 6:00;994.6740377;2085.878983;124.3008538;174.3992948;205.4557385;195.4482455;219.1255267;8695.610278
24-10-2017 7:00;1006.140801;2089.323436;124.3150954;174.3754486;205.4629821;195.4379806;219.1731848;8693.119412
24-10-2017 8:00;996.5437333;2092.767889;124.3274569;174.3516023;205.4702257;195.4275101;219.178403;8690.628546
24-10-2017 9:00;1015.1245;2096.212342;124.3166953;174.3283616;205.4774114;195.4170396;219.1836212;8688.225508
24-10-2017 10:00;994.3473142;2099.656795;124.3151751;174.3263179;205.4833628;195.406569;219.1888394;8687.553711
24-10-2017 11:00;991.508252;2103.101248;124.3449579;174.3347782;205.4888168;195.4173975;219.1940576;8687.553711
24-10-2017 12:00;996.598656;2106.545701;124.4060635;174.3432384;205.4942708;195.5511068;219.1517393;8687.553711
24-10-2017 13:00;995.458411;2109.010357;124.5822173;174.3516987;205.4997248;195.5152662;219.0265518;8686.320729
24-10-2017 14:00;1011.611586;2106.801296;124.6504098;174.3601589;205.5051788;195.4856547;218.9963006;8670.76127
24-10-2017 15:00;997.0481974;2103.984627;124.7164353;174.3686192;205.5106328;195.4518489;219.068039;8651.101828
24-10-2017 16:00;996.2750749;2103.45781;124.7252513;174.3770794;205.5160868;195.4554138;219.1164771;8631.442385
24-10-2017 17:00;997.1894416;2099.683372;124.6991716;174.3857062;205.5183639;195.4554138;219.0842422;8611.782943
24-10-2017 18:00;1002.406915;2094.995556;124.7217621;174.3969427;205.4889729;195.4554138;219.0618645;8592.1235
24-10-2017 19:00;977.3170697;2090.307741;124.6812131;174.4090764;205.4514373;195.4554138;219.0373952;8572.464057
24-10-2017 20:00;952.0399645;2085.619926;124.7365317;174.4212101;205.4139017;195.4543927;218.7183998;8552.804615
24-10-2017 21:00;946.8823082;2082.633305;124.7518221;174.4333438;205.3763661;195.4402355;218.7176574;8535.72133
24-10-2017 22:00;954.1314012;2087.820721;124.7653684;174.4454775;205.3388305;195.4476449;218.6694075;8534.408302
24-10-2017 23:00;950.6654381;2094.079879;124.7148989;174.457531;205.3012949;195.5215173;218.8002755;8535.776571
25-10-2017 0:00;938.9697662;2114.630279;124.7259512;174.3487304;205.2758523;195.529889;218.7682866;8529.296423
25-10-2017 1:00;949.5618673;2119.16388;124.6973055;174.3540455;205.2495002;195.5464293;218.7599344;8490.78811
25-10-2017 2:00;948.4463583;2096.157075;124.6685247;174.3743151;205.2367399;195.5380584;218.693638;8453.660525
25-10-2017 3:00;957.2379323;2123.739785;124.6579937;174.3945847;205.2239797;195.4865042;218.6234359;8416.53294
25-10-2017 4:00;768.9136945;2339.030371;124.6801761;174.4148543;205.2112194;195.4522205;218.5380799;8381.337319
25-10-2017 5:00;0;2947.568954;124.657408;174.4351239;205.1984591;195.5366384;218.6960235;8478.058834
25-10-2017 6:00;0;2899.278739;124.5655873;174.4553934;205.1856988;195.5675457;218.5568074;8451.989143
25-10-2017 7:00;0;2884.819647;124.5210211;174.475663;205.1729385;195.5820222;218.530531;8423.577851
25-10-2017 8:00;0;2879.449339;124.5394315;174.4858659;205.1782046;195.5775779;218.4927425;8404.149269
25-10-2017 9:00;0;2874.079032;124.5656693;174.465648;205.2158545;195.4950126;218.4325156;8482.780189
25-10-2017 10:00;425.9282382;2548.177102;124.5614434;174.4433555;205.2541557;195.477339;218.6867535;8606.173341
25-10-2017 11:00;964.1908562;2099.909358;124.533706;174.4210631;205.2924569;195.4825464;218.9412769;8684.816279
25-10-2017 12:00;966.1826748;2097.190396;124.4309439;174.3987706;205.3307581;195.4786388;218.9943544;8657.761318
25-10-2017 13:00;957.7696491;2089.958903;124.335756;174.3764782;205.3690593;195.4662953;218.9382268;8630.706358
25-10-2017 14:00;952.1342135;2082.928228;124.2860709;174.3541857;205.4073605;195.4539518;218.8609058;8603.651397
25-10-2017 15:00;943.939281;2081.574384;124.2587271;174.3318933;205.4456617;195.504543;218.8723427;8576.454626
25-10-2017 16:00;949.8943606;2089.185924;124.2610933;174.3457636;205.3822319;195.5278492;218.6672734;8556.640328
25-10-2017 17:00;951.6457358;2089.441895;124.2345976;174.345749;205.360412;195.4923044;218.6921497;8555.973236
25-10-2017 18:00;948.7125328;2089.441895;124.2422679;174.3505648;205.3459528;195.4585402;218.6548625;8554.441684
25-10-2017 19:00;945.1339733;2099.712491;124.2476959;174.3553805;205.3314935;195.4133916;218.6624588;8552.910132
25-10-2017 20:00;949.3480566;2103.285124;124.2268186;174.3601963;205.3170343;195.4300448;218.7166901;8551.37858
25-10-2017 21:00;955.1439669;2113.050266;124.2076464;174.3650121;205.302575;195.4956161;218.811299;8549.847028
25-10-2017 22:00;947.5611457;2098.574597;124.1432152;174.3698278;205.2881158;195.5628271;218.9758001;8548.315476
25-10-2017 23:00;952.3480594;2116.325569;124.1205599;174.3746436;205.2736565;195.5416079;218.8169999;8546.783924
26-10-2017 0:00;951.6564121;2115.077571;124.0914151;174.3757036;205.261864;195.4902902;218.8804882;8546.628982
26-10-2017 1:00;951.6539316;2123.129872;124.1238561;174.3706434;205.2542708;195.4498687;218.739074;8548.222067
26-10-2017 2:00;948.7374769;2107.166517;124.1014283;174.3654969;205.2467291;195.4094472;218.7482627;8549.821213
26-10-2017 3:00;943.1058156;2098.899814;124.0923406;174.3566967;205.2460018;195.4542245;218.814184;8552.081646
26-10-2017 4:00;955.4274741;2093.818105;124.0961108;174.4168281;205.3238999;195.4451093;218.8145859;8561.320411
26-10-2017 5:00;951.9006565;2092.348916;124.116788;174.5312603;205.3218842;195.42227;218.8929608;8663.423162
26-10-2017 6:00;949.1076253;2099.749591;124.104612;174.5016105;205.3118342;195.4569526;218.8525672;8632.054064
26-10-2017 7:00;944.7340128;2096.856403;124.1294345;174.3440954;205.3339663;195.5258758;218.8132257;8506.988172
26-10-2017 8:00;340.3995789;2729.361906;124.1424101;174.3669951;205.3536656;195.4556479;218.8091297;8536.483767
26-10-2017 9:00;0;2989.878107;124.2039293;174.3898949;205.3733648;195.500356;219.1896392;8750.731861
26-10-2017 10:00;0;2987.32415;124.1862013;174.4127946;205.393064;195.5517684;219.1349985;8763.929393
26-10-2017 11:00;0;2984.770194;124.1707435;174.4356944;205.4127632;195.5552299;219.2528098;8776.664125
26-10-2017 12:00;0;2982.216237;124.1401028;174.4585941;205.4324624;195.518592;219.3192572;8789.398857
26-10-2017 13:00;0;2977.773832;124.130155;174.4814939;205.4521616;195.4720158;219.3633478;8802.13359
26-10-2017 14:00;0;2970.49492;124.0921887;174.5040965;205.4716929;195.4259992;219.3386314;8814.868322
26-10-2017 15:00;0;2975.879573;124.0864079;174.5171352;205.4781228;195.4213932;219.3227871;8827.603055
26-10-2017 16:00;0;2981.264226;124.0559219;174.5255806;205.4763223;195.4355097;219.2914375;8840.337787
26-10-2017 17:00;0;2986.648879;124.0746095;174.5340259;205.4745219;195.4390673;219.2854818;8852.20995
26-10-2017 18:00;0;2992.033531;124.0433254;174.5424713;205.4727215;195.414308;219.1276961;8856.846533
26-10-2017 19:00;0;2997.418184;123.9957249;174.5509167;205.470921;195.4103232;219.1357404;8859.853102
26-10-2017 20:00;0;3001.142281;123.9960387;174.5593621;205.4691206;195.4285722;219.1099526;8862.859671
26-10-2017 21:00;0;3000.574945;124.0057935;174.5678075;205.4673201;195.4136995;219.176395;8865.86624
26-10-2017 22:00;0;2999.788654;124.0012479;174.5758819;205.4659147;195.4258563;219.3179907;8868.872809
26-10-2017 23:00;0;2999.002363;123.9501119;174.5779724;205.4796979;195.4684344;219.4061134;8871.879378
27-10-2017 0:00;0;2998.216072;123.9414983;174.5779724;205.5012619;195.5352691;219.3450571;8874.885948
27-10-2017 1:00;0;2997.429782;123.8805655;174.5779724;205.5228259;195.5412723;219.1840772;8884.872431
27-10-2017 2:00;0;2996.643491;123.8965831;174.5779724;205.5443899;195.5543621;219.1681249;8951.81705
27-10-2017 3:00;783.0326012;2261.549114;123.9983872;174.5779724;205.5659539;195.517289;219.3227729;8772.28996
27-10-2017 4:00;992.0608641;2110.181778;123.8154486;174.5779724;205.5875179;195.4635068;219.2022758;8751.063711
27-10-2017 5:00;1061.062303;2104.53348;123.8376245;174.5779724;205.6090819;195.4062476;219.1693039;8724.373355
27-10-2017 6:00;1100.407235;2101.205614;123.963783;174.5780958;205.630198;195.4045026;219.4756102;8718.633518
27-10-2017 7:00;1095.758425;2133.227269;123.9867559;174.5799426;205.639219;195.4075349;219.5494248;8742.247038
27-10-2017 8:00;1092.782745;2127.893784;124.1523831;174.5823436;205.6428232;195.4571004;219.6866117;8765.860557
27-10-2017 9:00;1099.943182;2122.560299;124.1796355;174.5847446;205.6464274;195.4250875;219.6676499;8789.474077
27-10-2017 10:00;1100.802415;2093.189205;124.2830828;174.5871457;205.6500316;195.4337011;219.6293702;8813.087596
27-10-2017 11:00;1095.676973;2092.532227;124.3544747;174.5895467;205.6536359;195.433393;219.7075656;8836.701116
27-10-2017 12:00;1098.880471;2093.429751;124.3362549;174.5919477;205.6572401;195.4305384;219.7853325;8860.314635
27-10-2017 13:00;1097.672226;2104.579197;124.3589487;174.5943487;205.6608443;195.4282481;219.851696;8881.769565
27-10-2017 14:00;1096.956438;2103.082627;124.3992279;174.5939053;205.6645389;195.4535985;219.7734949;8884.956635
27-10-2017 15:00;1097.089877;2101.586058;124.3948701;174.5639986;205.6698401;195.5244296;219.714505;8883.998942
27-10-2017 16:00;1097.76702;2100.089488;124.3638253;174.5263021;205.6757326;195.5255877;219.6242324;8883.04125
27-10-2017 17:00;1137.758067;2101.372156;124.3942828;174.5762644;205.7652407;195.5303368;219.8717864;8888.452036
27-10-2017 18:00;1149.981047;2098.202835;124.4308099;174.6055719;205.8549558;195.5398965;220.0461598;8894.633266
27-10-2017 19:00;1151.813903;2101.838665;124.3600879;174.6400282;205.9514707;195.5634525;220.0499601;8897.95767
27-10-2017 20:00;1148.104573;2101.226332;124.4058746;174.6665847;205.9556382;195.4996516;220.0899181;8895.542273
27-10-2017 21:00;1149.018116;2101.153109;124.3817637;174.6733693;205.9740991;195.5262604;220.1799378;8902.164106
27-10-2017 22:00;1146.112319;2108.232031;124.3506351;174.6819233;205.9943611;195.5516034;220.0677828;8909.062286
27-10-2017 23:00;1149.700602;2107.584378;124.3601281;174.6904773;206.0146231;195.5769464;220.0158462;8915.960466
28-10-2017 0:00;1146.643856;2106.936725;124.3468585;174.6990313;206.0348851;195.6022895;220.0009078;8922.858646
28-10-2017 1:00;1147.577083;2106.289071;124.3526655;174.7076607;206.0551471;195.5633899;220.0135648;8929.702432
28-10-2017 2:00;1150.133991;2097.333057;124.3957495;174.760256;205.8392339;195.5677793;220.123619;8919.972144
28-10-2017 3:00;1149.610919;2097.862709;124.4713195;174.7427889;205.9116036;195.5438612;220.1223654;8913.032069
28-10-2017 4:00;1152.104948;2098.581888;124.5365944;174.7235053;205.9459341;195.5176945;220.048352;8913.228782
28-10-2017 5:00;1147.759839;2099.266239;124.5502379;174.7512184;205.8702766;195.5470706;219.9271428;8919.265954
28-10-2017 6:00;1150.839935;2100.263209;124.548684;174.774052;205.8275785;195.554267;220.0315017;8920.214654
28-10-2017 7:00;1153.532153;2101.26018;124.5212101;174.7968856;205.7848805;195.5735878;219.9159848;8921.163355
28-10-2017 8:00;1145.69288;2102.25715;124.5244497;174.8197193;205.7421824;195.5354804;220.0526339;8922.112056
28-10-2017 9:00;1149.309296;2103.25412;124.4976255;174.8425529;205.7007674;195.4437915;220.0063433;8923.060756
28-10-2017 10:00;1144.872803;2092.448875;124.4679039;174.6928562;205.8331031;195.5311228;220.0024813;8929.436216
28-10-2017 11:00;1147.817577;2121.744453;124.4921755;174.6865062;205.8849825;195.5663361;219.9733132;8931.651609
28-10-2017 12:00;1150.64051;2148.181585;124.4635761;174.7130108;205.9715536;195.5425528;220.1922845;8931.915138
28-10-2017 13:00;1150.035433;2152.347094;124.5229684;174.748737;206.040189;195.546235;220.2409535;8932.092729
28-10-2017 14:00;1150.02286;2152.142569;124.5721825;174.7814885;205.9994302;195.5447168;220.2634622;8949.128418
28-10-2017 15:00;1143.453051;2145.594069;124.6052805;174.8021126;206.0304226;195.4703818;220.2386409;8982.652605
28-10-2017 16:00;1147.701523;2157.621857;124.6112638;174.8227367;206.0614149;195.5111441;220.3029863;9065.616276
28-10-2017 17:00;1150.119254;2169.49832;124.6045022;174.8433608;206.0924073;195.5245565;220.3349276;9035.944036
28-10-2017 18:00;1147.484002;2173.117776;124.5860113;174.863974;206.125785;195.5313692;220.4198717;9097.130391
28-10-2017 19:00;1147.03405;2182.438146;124.5874874;174.8232078;206.132385;195.5541954;220.4068596;9112.288689
28-10-2017 20:00;1146.216211;2169.415641;124.6161537;174.8164063;206.1182771;195.4874253;220.4096441;9109.272575
28-10-2017 21:00;1145.210925;2170.932909;124.566958;174.8164063;206.1146842;195.5134364;220.3731504;9115.306471
28-10-2017 22:00;1114.10061;2200.224886;124.5924744;174.8164063;206.1110913;195.5462372;220.4351136;9053.575997
28-10-2017 23:00;1026.521202;2246.115684;124.6393888;174.8164063;206.1074984;195.5356702;220.4103274;9023.239941
29-10-2017 0:00;1026.265437;2238.691461;124.6100987;174.8164063;206.1039056;195.5673899;220.3324964;9012.780656
29-10-2017 1:00;1020.751366;2234.454461;124.5150092;174.8164063;206.1003127;195.5555294;220.3263431;9002.321371
29-10-2017 2:00;1019.549507;2230.217461;124.5026136;174.8164063;206.0967198;195.5604382;220.2170705;8991.862086
29-10-2017 3:00;1026.314249;2225.980461;124.5327526;174.8147834;206.0895677;195.5438879;220.2448145;8981.402801
29-10-2017 4:00;1026.261362;2222.992241;124.5292792;174.810347;206.07645;195.485988;220.3076945;8970.943516
29-10-2017 5:00;1024.734549;2225.632824;124.6718736;174.8058605;206.0632384;195.4375466;220.3811106;8960.484231
29-10-2017 6:00;1021.127429;2228.957185;124.8728444;174.8013739;206.0500268;195.4218018;220.2673906;8950.840147
29-10-2017 7:00;1027.480776;2232.281546;124.9062397;174.7968874;206.0368152;195.4090081;220.0837631;8956.584109
29-10-2017 8:00;1023.88978;2239.882882;125.0254835;174.7924009;206.0236036;195.3962145;220.2450669;9112.350222
29-10-2017 9:00;1026.052085;2228.594567;125.0176526;174.8001692;205.9836585;195.4499351;220.1499947;8955.417707
29-10-2017 10:00;1025.522111;2225.488969;125.0293773;174.8085271;205.9167521;195.4457897;220.0362185;8922.808982
29-10-2017 11:00;1023.600979;2227.717076;124.8991045;174.7968781;205.9079104;195.4230918;219.9939764;8918.942391
29-10-2017 12:00;1022.992923;2229.945182;124.8939935;174.7852292;205.8990687;195.4003938;219.9680857;8915.083817
29-10-2017 13:00;1023.815687;2226.601753;124.8934041;174.7251063;205.8449277;195.481438;220.1506484;8917.850075
29-10-2017 14:00;1022.971333;2241.573202;124.8857023;174.7168467;205.8324282;195.4297444;220.1206238;8923.607471
29-10-2017 15:00;1021.276332;2258.235215;124.9243705;174.7213487;205.8524935;195.4108798;220.1147665;8928.603742
29-10-2017 16:00;1022.304158;2245.911157;124.9664119;174.7258507;205.8725588;195.4260045;220.1320085;8933.600014
29-10-2017 17:00;1026.3733;2242.492278;125.0046638;174.726407;205.8835063;195.453422;220.091929;8931.024638
29-10-2017 18:00;1025.183974;2217.205695;124.9941633;174.7234308;205.8618513;195.456401;219.9957754;8920.18446
29-10-2017 19:00;1019.734593;2213.695124;125.0006994;174.7270237;205.8780677;195.4460797;220.0183256;8922.765628
29-10-2017 20:00;1023.448645;2224.642571;125.031664;174.7306165;205.8942841;195.4309854;220.0904438;8925.346796
29-10-2017 21:00;1021.43561;2225.149832;125.0660512;174.7342094;205.9105005;195.4051227;219.9765201;8927.927963
29-10-2017 22:00;1021.962513;2225.664882;124.997302;174.7378023;205.9267169;195.4209912;220.0478533;8930.509131
29-10-2017 23:00;1023.451282;2226.179933;124.9503642;174.7413951;205.9429333;195.4268036;220.1171095;8933.090299
30-10-2017 0:00;1019.43949;2226.694983;124.941197;174.744988;205.9591497;195.4268036;220.131614;8935.671466
30-10-2017 1:00;1023.195845;2227.210034;124.901286;174.748785;205.9747743;195.4268036;220.1163684;8938.164453
30-10-2017 2:00;1026.59548;2227.725084;124.9491032;174.758914;205.9734755;195.4268036;220.1011778;8937.4286
30-10-2017 3:00;1024.641374;2228.240134;124.9337709;174.7720413;205.9644165;195.4268036;220.0004175;8935.066732
30-10-2017 4:00;1021.141423;2228.610408;125.0431642;174.7851685;205.9553575;195.4267668;219.988199;8932.704864
30-10-2017 5:00;1025.563193;2228.835742;125.1046532;174.7982957;205.9462985;195.4226302;220.0009233;8930.342996
30-10-2017 6:00;1022.691528;2229.061077;125.1968706;174.811423;205.9372396;195.4157098;219.8554638;8927.981128
30-10-2017 7:00;1025.713693;2229.286412;125.1502416;174.8245502;205.9281806;195.4087894;219.9663476;8925.619261
30-10-2017 8:00;1020.014967;2229.511747;125.2561914;174.8376774;205.9191216;195.401869;220.0986867;8923.257393
30-10-2017 9:00;1059.318182;2229.737081;125.2970161;174.8502888;205.9110251;195.4054675;220.2310258;8920.968984
30-10-2017 10:00;1073.599944;2229.962416;125.396673;174.8479044;205.9164189;195.450513;220.2967254;8921.252145
30-10-2017 11:00;1075.548806;2230.187751;125.3107057;174.8385981;205.9261591;195.4399677;220.1883226;8922.809602
30-10-2017 12:00;1097.902083;2231.014872;125.4097145;174.8292918;205.9358992;195.4002995;220.2328935;8924.367059
30-10-2017 13:00;1104.325475;2232.442444;125.419443;174.8199855;205.9456393;195.4041921;220.2084763;8925.924516
30-10-2017 14:00;1102.466696;2233.870016;125.4215643;174.8106792;205.9553795;195.4025328;220.2188647;8927.481973
30-10-2017 15:00;1098.773286;2235.297588;125.3839243;174.8013729;205.9651196;195.4621474;220.2002792;8929.03943
30-10-2017 16:00;1100.972512;2234.062458;125.3615773;174.7922854;205.9748598;195.5485661;220.1431594;8930.574252
30-10-2017 17:00;1102.72767;2207.387079;125.3355884;174.7912365;205.9969891;195.5452282;220.1321127;8937.578817
30-10-2017 18:00;1096.504436;2205.930421;125.3324242;174.7929507;205.9982612;195.5698547;220.2362745;8940.489528
30-10-2017 19:00;1093.584092;2204.21663;125.3751422;174.796944;206.001347;195.5696075;220.2587008;8942.308383
30-10-2017 20:00;1100.186527;2202.502839;125.3493026;174.8009373;206.0044328;195.4697462;220.1573451;8944.127238
30-10-2017 21:00;1098.762251;2200.789048;125.3997586;174.8048037;206.0062511;195.4607515;220.2971876;8945.797695
30-10-2017 22:00;1094.96963;2189.36622;125.3762586;174.7439049;205.9955071;195.4779241;220.2461504;8947.877381
30-10-2017 23:00;1094.050652;2191.7438;125.3406473;174.749303;205.994278;195.5415813;220.1971959;8948.026951
31-10-2017 0:00;1098.81401;2207.69939;125.3167651;174.7636165;205.994278;195.5676822;220.2915632;8945.526006
31-10-2017 1:00;1100.272017;2208.641312;125.3427112;174.77793;205.994278;195.540735;220.2190783;8943.02506
31-10-2017 2:00;1098.471858;2207.087799;125.3688975;174.7922435;205.994278;195.5168442;220.2712574;8940.524114
31-10-2017 3:00;1096.927345;2205.534287;125.4134209;174.8065569;205.994278;195.4947513;220.1875629;8938.023169
31-10-2017 4:00;1097.127358;2203.980774;125.4173848;174.8208704;205.994278;195.4726585;220.3309022;8935.522223
31-10-2017 5:00;1097.525786;2202.427261;125.4564103;174.8351839;205.994278;195.4505657;220.2886434;8933.021277
31-10-2017 6:00;1101.437192;2200.873748;125.5281188;174.8314251;205.9976177;195.4259046;220.2712772;8932.737295
31-10-2017 7:00;1094.530631;2199.320236;125.5287062;174.7920171;206.0056683;195.4494259;220.1547292;8936.663116
31-10-2017 8:00;1099.226423;2204.378121;125.5106497;174.8452321;206.0053117;195.51086;220.3141876;8930.076552
31-10-2017 9:00;1097.46572;2203.687649;125.4865241;174.8546059;205.9942504;195.4389355;220.2438675;8929.267322
31-10-2017 10:00;1098.991356;2202.637613;125.4965662;174.8617621;206.0210547;195.4760314;220.2829746;8932.411731
31-10-2017 11:00;1095.351347;2200.12008;125.4568767;174.8117447;206.0185068;195.4903542;220.2451219;8928.445004
31-10-2017 12:00;1097.874264;2194.683357;125.4735869;174.7851992;206.0136265;195.4868799;220.2305515;8930.862393
31-10-2017 13:00;1101.863697;2185.1445;125.5212724;174.8067651;206.0387908;195.5309031;220.2671536;8932.48569
31-10-2017 14:00;1097.072465;2183.399888;125.5316993;174.828331;206.0639551;195.5664805;220.0888449;8934.108987
31-10-2017 15:00;1101.041357;2189.029492;125.6476654;174.8498969;206.0891194;195.5385539;220.1441771;8935.732284
31-10-2017 16:00;1103.335233;2200.189807;125.5695456;174.8714629;206.1142837;195.4735692;220.2805811;8937.355581
31-10-2017 17:00;1129.000391;2209.011636;125.6820381;174.8930288;206.139448;195.4286208;220.4566754;8938.978878
31-10-2017 18:00;1122.661706;2208.169111;125.8610762;174.9145947;206.1646123;195.4630359;220.5021238;8940.602175
31-10-2017 19:00;1125.69988;2207.326587;126.1746663;174.9348299;206.1874333;195.4497115;220.5145513;8942.15748
31-10-2017 20:00;1121.50157;2216.88687;127.124772;174.9345933;206.1753822;195.4549757;220.4619733;8942.848937
31-10-2017 21:00;1126.700747;2242.519335;127.7076116;174.9273924;206.1516918;195.4554137;220.3847154;8943.278405
31-10-2017 22:00;1127.132651;2243.963853;127.8822528;174.9201916;206.1280014;195.4536175;220.3059739;8943.707872
31-10-2017 23:00;1122.078685;2240.00573;127.9931801;174.9129908;206.104311;195.4500741;220.269859;8944.13734
